{"loss": [0.3881676908161491, 0.22286471661655233, 0.18136292851513716, 0.15489156473211188, 0.13832790774889872, 0.12633836737599485, 0.11597718578145214, 0.11389608894634348, 0.10513732796697914, 0.10052055748787889, 0.09696859982221147, 0.09188274119484295, 0.09005682151594749, 0.0864666819974956, 0.08514221941844842, 0.07783706153121236, 0.08242556077334534], "epoch": 16, "_timestamp": 1672912507.5642555, "_runtime": 303.18391251564026, "_step": 16, "_wandb": {"runtime": 304}}