{"loss": 0.3930939376197755, "epoch": 0, "_timestamp": 1672912676.574976, "_runtime": 13.038052082061768, "_step": 0, "_wandb": {"runtime": 11}}