{"loss": [0.3838011949048378, 0.22125508893278892, 0.17749289523298503, 0.1568264151582087, 0.13882054065118574, 0.12559995576187574, 0.12009126460626175, 0.10827000249521297, 0.11017029893222753, 0.0998301914390197, 0.08661215080921242, 0.09406485517669494, 0.08810479142421981, 0.09015741153220917, 0.08096057192000641, 0.07698149464613568, 0.07900240164390931, 0.07636600384130024], "_timestamp": 1672912174.7691786, "_runtime": 260.95122361183167, "_step": 17, "_wandb": {"runtime": 263}}