{"loss": 0.3919579525269568, "epoch": 0, "_timestamp": 1672912560.0904408, "_runtime": 9.14161467552185, "_step": 0, "_wandb": {"runtime": 7}}